1617412468,iLtc,lab5,main,94f2f7ee33cd59a052e60bf4a211117e74150bce,100
1617646375,ksmaybe,lab5,main,94f2f7ee33cd59a052e60bf4a211117e74150bce,100
1617977499,diogocvieira,lab5,main,2b947ac6f656c367ed2a4eef6f108bc6b3ffa9f5,100
1617977524,ameymhadgut,lab5,main,2b947ac6f656c367ed2a4eef6f108bc6b3ffa9f5,100
1617977548,nickfang96,lab5,main,2b947ac6f656c367ed2a4eef6f108bc6b3ffa9f5,100
1617977570,Readw1,lab5,main,2b947ac6f656c367ed2a4eef6f108bc6b3ffa9f5,100
1617977594,parijatparimal29,lab5,main,2b947ac6f656c367ed2a4eef6f108bc6b3ffa9f5,100
1617977614,kainattnaeem,lab5,main,2b947ac6f656c367ed2a4eef6f108bc6b3ffa9f5,100
1617977635,nmd1,lab5,main,2b947ac6f656c367ed2a4eef6f108bc6b3ffa9f5,100
1617977656,Luolingwei,lab5,main,2b947ac6f656c367ed2a4eef6f108bc6b3ffa9f5,100
1617977680,Rutvi-Malaviya,lab5,main,2b947ac6f656c367ed2a4eef6f108bc6b3ffa9f5,100
1617977701,xor-cliu,lab5,main,2b947ac6f656c367ed2a4eef6f108bc6b3ffa9f5,100
1617977724,endvroy,lab5,main,2b947ac6f656c367ed2a4eef6f108bc6b3ffa9f5,100
1618190535,GuYoupeng,lab5,main,2b947ac6f656c367ed2a4eef6f108bc6b3ffa9f5,100
1618190559,yf1357,lab5,main,2b947ac6f656c367ed2a4eef6f108bc6b3ffa9f5,100
1618190579,kmish0923,lab5,main,2b947ac6f656c367ed2a4eef6f108bc6b3ffa9f5,100
1618190661,wsghlby,lab5,main,2b947ac6f656c367ed2a4eef6f108bc6b3ffa9f5,100
1618190684,jvenkit1,lab5,main,2b947ac6f656c367ed2a4eef6f108bc6b3ffa9f5,100
1618190728,zhengqixi,lab5,main,2b947ac6f656c367ed2a4eef6f108bc6b3ffa9f5,100
1618190759,aathiramanoj,lab5,main,2b947ac6f656c367ed2a4eef6f108bc6b3ffa9f5,100
1618190779,carlb15,lab5,main,2b947ac6f656c367ed2a4eef6f108bc6b3ffa9f5,100
1618190801,kshitijsanghvi,lab5,main,2b947ac6f656c367ed2a4eef6f108bc6b3ffa9f5,100
1618278620,ntlz,lab5,main,2b947ac6f656c367ed2a4eef6f108bc6b3ffa9f5,100
1618278697,JackXu0,lab5,main,2b947ac6f656c367ed2a4eef6f108bc6b3ffa9f5,100
1618278743,reggieag,lab5,main,2b947ac6f656c367ed2a4eef6f108bc6b3ffa9f5,100
1618278790,liondon,lab5,main,2b947ac6f656c367ed2a4eef6f108bc6b3ffa9f5,100
1618278819,kylesyx,lab5,main,2b947ac6f656c367ed2a4eef6f108bc6b3ffa9f5,100
1618278843,huyuxuan2020,lab5,main,2b947ac6f656c367ed2a4eef6f108bc6b3ffa9f5,100
1618421337,agnithamohan,lab5,main,2b947ac6f656c367ed2a4eef6f108bc6b3ffa9f5,100
1618421359,freshao,lab5,main,2b947ac6f656c367ed2a4eef6f108bc6b3ffa9f5,100
1618421379,heliumyc,lab5,main,2b947ac6f656c367ed2a4eef6f108bc6b3ffa9f5,100
1618421401,disconsis,lab5,main,2b947ac6f656c367ed2a4eef6f108bc6b3ffa9f5,100
1618421424,yt2097,lab5,main,2b947ac6f656c367ed2a4eef6f108bc6b3ffa9f5,100
1618421444,Mirage30,lab5,main,2b947ac6f656c367ed2a4eef6f108bc6b3ffa9f5,100
1618421466,XxwizxX,lab5,main,2b947ac6f656c367ed2a4eef6f108bc6b3ffa9f5,100
1618421486,uditarora,lab5,main,2b947ac6f656c367ed2a4eef6f108bc6b3ffa9f5,100
1618421508,LianghaoShu,lab5,main,2b947ac6f656c367ed2a4eef6f108bc6b3ffa9f5,100
1618421533,LianghaoShu,lab5,main,2b947ac6f656c367ed2a4eef6f108bc6b3ffa9f5,100
1618421558,kk3039,lab5,main,2b947ac6f656c367ed2a4eef6f108bc6b3ffa9f5,100
1618421610,limboaz,lab5,main,2b947ac6f656c367ed2a4eef6f108bc6b3ffa9f5,100
1618421633,tomasort,lab5,main,2b947ac6f656c367ed2a4eef6f108bc6b3ffa9f5,100
